{
    "loss": 1.3020119667053223,
    "accuracy": 0.9137930870056152
}