{
    "loss": 1.1545603275299072,
    "accuracy": 0.8879310488700867
}